{"eventHandlers":[],"styleProperties":{"x-coredata:\/\/8A119B17-AF00-4D70-8084-3C8BA8F4FC4C\/GDState\/p72":{"borderRightWidth":1,"isSelectable":1,"x":0,"backgroundColor":{"NSColorValue":"1.000000,1.000000,1.000000,1.000000"},"className":"GDProperties","isContentClipped":0,"borderBottomWidth":1,"isVisible":1,"backgroundPainterType":1,"textColor":{"NSColorValue":"0.873678,0.838534,0.872227,1.000000"},"textFont":{"GDFont":{"isItalic":false,"fontName":"LucidaGrande","size":12,"css":"\"Lucida Grande\", \"LucidaGrande\"","isBold":false}},"width":1280,"y":0,"height":720,"borderLeftWidth":1,"borderTopWidth":1,"layoutPolicyCode":3,"isDisplay":1}},"className":"GDScreen","orderedComponents":[{"eventHandlers":[],"styleProperties":{"x-coredata:\/\/8A119B17-AF00-4D70-8084-3C8BA8F4FC4C\/GDState\/p58":{"paddingRight":0,"x":621.0703,"cornerRadiusTopRight":0,"className":"GDProperties","textVerticalAlignment":0,"y":102.75,"textAttributedString":"","paddingLeft":0,"cornerRadiusTopLeft":0},"A6BE2460-3E14-45C6-88A1-1E6F3F7552DE":{"paddingRight":0,"x":621.0703,"cornerRadiusTopRight":0,"className":"GDProperties","y":102.75,"textAttributedString":"","paddingLeft":0,"cornerRadiusTopLeft":0},"2D2A818B-2005-4015-BBCE-5A30A781B923":{"paddingRight":0,"x":621.0703,"cornerRadiusTopRight":0,"className":"GDProperties","y":102.75,"textAttributedString":"","paddingLeft":0,"cornerRadiusTopLeft":0}},"className":"GDWidgetInstanceRootCell","orderedComponents":[{"eventHandlers":[],"styleProperties":{"x-coredata:\/\/8A119B17-AF00-4D70-8084-3C8BA8F4FC4C\/GDState\/p58":{},"A6BE2460-3E14-45C6-88A1-1E6F3F7552DE":{},"2D2A818B-2005-4015-BBCE-5A30A781B923":{}},"className":"GDWidgetInstanceCell","orderedComponents":[{"eventHandlers":[],"styleProperties":{"x-coredata:\/\/8A119B17-AF00-4D70-8084-3C8BA8F4FC4C\/GDState\/p58":{},"A6BE2460-3E14-45C6-88A1-1E6F3F7552DE":{},"2D2A818B-2005-4015-BBCE-5A30A781B923":{}},"className":"GDWidgetInstanceCell","orderedComponents":[{"eventHandlers":[],"styleProperties":{"826CBB01-3244-461E-9749-C1B0CC920AD3":{"textRichText":0,"y":5,"className":"GDProperties","x":-9},"0995B92A-21E8-4030-9256-5E25C72CC220":{"textRichText":0,"y":5,"className":"GDProperties","x":-9}},"className":"GDWidgetInstanceRootCell","orderedComponents":[],"dataBindingSourceCellScreenIndex":0,"dataBindings":[],"dataBindingTargetIndexPaths":[],"activeState":"826CBB01-3244-461E-9749-C1B0CC920AD3","dataBindingTargetScreenIndexes":[],"definition":"74BA957B-A1BE-4CAD-ABD9-BAE477A0DF91","specificationCell":0,"name":"Minimize Toolbar","dataBindingSourceCellIndexPath":""}],"dataBindingSourceCellScreenIndex":0,"dataBindings":[],"dataBindingTargetIndexPaths":[],"dataBindingTargetScreenIndexes":[],"definition":"F7AA22A8-DC95-479D-B526-4B07A4F1B257","specificationCell":0,"name":"Minimize Toolbar Container","dataBindingSourceCellIndexPath":""},{"eventHandlers":[],"styleProperties":{"x-coredata:\/\/8A119B17-AF00-4D70-8084-3C8BA8F4FC4C\/GDState\/p58":{},"A6BE2460-3E14-45C6-88A1-1E6F3F7552DE":{},"2D2A818B-2005-4015-BBCE-5A30A781B923":{}},"className":"GDWidgetInstanceCell","orderedComponents":[],"dataBindingSourceCellScreenIndex":0,"dataBindings":[],"dataBindingTargetIndexPaths":[],"dataBindingTargetScreenIndexes":[],"definition":"47D2D936-D81C-495E-98D7-D1D77F309F97","specificationCell":0,"name":"Reception Icon","dataBindingSourceCellIndexPath":""},{"eventHandlers":[],"styleProperties":{"x-coredata:\/\/8A119B17-AF00-4D70-8084-3C8BA8F4FC4C\/GDState\/p58":{},"A6BE2460-3E14-45C6-88A1-1E6F3F7552DE":{},"2D2A818B-2005-4015-BBCE-5A30A781B923":{}},"className":"GDWidgetInstanceCell","orderedComponents":[],"dataBindingSourceCellScreenIndex":0,"dataBindings":[],"dataBindingTargetIndexPaths":[],"dataBindingTargetScreenIndexes":[],"definition":"E3382CB2-0319-48D9-914E-F641A333F481","specificationCell":0,"name":"Label","dataBindingSourceCellIndexPath":""},{"eventHandlers":[],"styleProperties":{"x-coredata:\/\/8A119B17-AF00-4D70-8084-3C8BA8F4FC4C\/GDState\/p58":{},"A6BE2460-3E14-45C6-88A1-1E6F3F7552DE":{},"2D2A818B-2005-4015-BBCE-5A30A781B923":{}},"className":"GDWidgetInstanceCell","orderedComponents":[],"dataBindingSourceCellScreenIndex":0,"dataBindings":[],"dataBindingTargetIndexPaths":[],"dataBindingTargetScreenIndexes":[],"definition":"742B4539-D7B1-4CA8-996C-4A07A204EEDA","specificationCell":0,"name":"Network Type","dataBindingSourceCellIndexPath":""},{"eventHandlers":[],"styleProperties":{"x-coredata:\/\/8A119B17-AF00-4D70-8084-3C8BA8F4FC4C\/GDState\/p58":{},"A6BE2460-3E14-45C6-88A1-1E6F3F7552DE":{},"2D2A818B-2005-4015-BBCE-5A30A781B923":{}},"className":"GDWidgetInstanceCell","orderedComponents":[],"dataBindingSourceCellScreenIndex":0,"dataBindings":[],"dataBindingTargetIndexPaths":[],"dataBindingTargetScreenIndexes":[],"definition":"588141E5-1120-4160-B69C-68A383E81F38","specificationCell":0,"name":"WiFi Reception Icon","dataBindingSourceCellIndexPath":""}],"dataBindingSourceCellScreenIndex":0,"dataBindings":[],"dataBindingTargetIndexPaths":[],"dataBindingTargetScreenIndexes":[],"definition":"56E4861B-7CEA-40C7-B17C-41B821E1A948","specificationCell":0,"name":"Container","dataBindingSourceCellIndexPath":""},{"eventHandlers":[],"styleProperties":{"x-coredata:\/\/8A119B17-AF00-4D70-8084-3C8BA8F4FC4C\/GDState\/p58":{},"A6BE2460-3E14-45C6-88A1-1E6F3F7552DE":{},"2D2A818B-2005-4015-BBCE-5A30A781B923":{}},"className":"GDWidgetInstanceCell","orderedComponents":[{"eventHandlers":[],"styleProperties":{"x-coredata:\/\/8A119B17-AF00-4D70-8084-3C8BA8F4FC4C\/GDState\/p58":{},"A6BE2460-3E14-45C6-88A1-1E6F3F7552DE":{},"2D2A818B-2005-4015-BBCE-5A30A781B923":{}},"className":"GDWidgetInstanceCell","orderedComponents":[{"eventHandlers":[],"styleProperties":{"03B0C234-19E4-4560-AF34-B06F081D74AC":{"textRichText":0,"y":0,"className":"GDProperties","x":0},"2733912E-CC07-4F2F-A389-B0FC15659457":{"textRichText":0,"y":0,"className":"GDProperties","x":0},"9AE91C5C-BB20-4C5A-B349-A8B0F8B469F4":{"textRichText":0,"y":0,"className":"GDProperties","x":0}},"className":"GDWidgetInstanceRootCell","orderedComponents":[{"eventHandlers":[],"styleProperties":{"03B0C234-19E4-4560-AF34-B06F081D74AC":{},"2733912E-CC07-4F2F-A389-B0FC15659457":{},"9AE91C5C-BB20-4C5A-B349-A8B0F8B469F4":{}},"className":"GDWidgetInstanceCell","orderedComponents":[{"eventHandlers":[],"styleProperties":{"03B0C234-19E4-4560-AF34-B06F081D74AC":{},"2733912E-CC07-4F2F-A389-B0FC15659457":{},"9AE91C5C-BB20-4C5A-B349-A8B0F8B469F4":{}},"className":"GDWidgetInstanceCell","orderedComponents":[],"dataBindingSourceCellScreenIndex":0,"dataBindings":[],"dataBindingTargetIndexPaths":[],"dataBindingTargetScreenIndexes":[],"definition":"D0B9AD0F-8022-4701-8F99-93B4EE85C026","specificationCell":0,"name":"Styling Cell","dataBindingSourceCellIndexPath":""},{"eventHandlers":[],"styleProperties":{"03B0C234-19E4-4560-AF34-B06F081D74AC":{},"2733912E-CC07-4F2F-A389-B0FC15659457":{},"9AE91C5C-BB20-4C5A-B349-A8B0F8B469F4":{}},"className":"GDWidgetInstanceCell","orderedComponents":[],"dataBindingSourceCellScreenIndex":0,"dataBindings":[],"dataBindingTargetIndexPaths":[],"dataBindingTargetScreenIndexes":[],"definition":"E0B02AB1-FA8E-4DAC-BC2F-1C3AA491F9AE","specificationCell":0,"name":"Icon","dataBindingSourceCellIndexPath":""},{"eventHandlers":[],"styleProperties":{"03B0C234-19E4-4560-AF34-B06F081D74AC":{},"2733912E-CC07-4F2F-A389-B0FC15659457":{},"9AE91C5C-BB20-4C5A-B349-A8B0F8B469F4":{}},"className":"GDWidgetInstanceCell","orderedComponents":[],"dataBindingSourceCellScreenIndex":0,"dataBindings":[],"dataBindingTargetIndexPaths":[],"dataBindingTargetScreenIndexes":[],"definition":"92903D91-6B7C-40C5-919A-41FCF586E4DA","specificationCell":0,"name":"Styling Cell","dataBindingSourceCellIndexPath":""}],"dataBindingSourceCellScreenIndex":0,"dataBindings":[],"dataBindingTargetIndexPaths":[],"dataBindingTargetScreenIndexes":[],"definition":"2D628323-075B-4AB9-9563-4269883C0AA3","specificationCell":0,"name":"Styling Cell","dataBindingSourceCellIndexPath":""}],"dataBindingSourceCellScreenIndex":0,"dataBindings":[],"dataBindingTargetIndexPaths":[],"activeState":"9AE91C5C-BB20-4C5A-B349-A8B0F8B469F4","dataBindingTargetScreenIndexes":[],"definition":"964406A1-1CA5-4046-BFE0-DE7029E417A7","specificationCell":0,"name":"Minimize Button","dataBindingSourceCellIndexPath":""},{"eventHandlers":[],"styleProperties":{"B7BC1899-88BA-4745-A57C-EADE2AE0D5A5":{"textRichText":0,"y":0,"className":"GDProperties","x":33},"EF313D03-C42C-415F-9A08-8F6679276934":{"textRichText":0,"y":0,"className":"GDProperties","x":33},"A85BFF7E-51B3-44F4-96BE-4432525983AD":{"textRichText":0,"y":0,"className":"GDProperties","x":33}},"className":"GDWidgetInstanceRootCell","orderedComponents":[{"eventHandlers":[],"styleProperties":{"B7BC1899-88BA-4745-A57C-EADE2AE0D5A5":{},"EF313D03-C42C-415F-9A08-8F6679276934":{},"A85BFF7E-51B3-44F4-96BE-4432525983AD":{}},"className":"GDWidgetInstanceCell","orderedComponents":[{"eventHandlers":[],"styleProperties":{"B7BC1899-88BA-4745-A57C-EADE2AE0D5A5":{},"EF313D03-C42C-415F-9A08-8F6679276934":{},"A85BFF7E-51B3-44F4-96BE-4432525983AD":{}},"className":"GDWidgetInstanceCell","orderedComponents":[],"dataBindingSourceCellScreenIndex":0,"dataBindings":[],"dataBindingTargetIndexPaths":[],"dataBindingTargetScreenIndexes":[],"definition":"A213B4F7-8100-4CB6-A58A-D45F0314B664","specificationCell":0,"name":"Styling Cell","dataBindingSourceCellIndexPath":""},{"eventHandlers":[],"styleProperties":{"B7BC1899-88BA-4745-A57C-EADE2AE0D5A5":{},"EF313D03-C42C-415F-9A08-8F6679276934":{},"A85BFF7E-51B3-44F4-96BE-4432525983AD":{}},"className":"GDWidgetInstanceCell","orderedComponents":[],"dataBindingSourceCellScreenIndex":0,"dataBindings":[],"dataBindingTargetIndexPaths":[],"dataBindingTargetScreenIndexes":[],"definition":"EE356CBC-91DB-48CE-82B2-904E1A355BF9","specificationCell":0,"name":"Icon","dataBindingSourceCellIndexPath":""},{"eventHandlers":[],"styleProperties":{"B7BC1899-88BA-4745-A57C-EADE2AE0D5A5":{},"EF313D03-C42C-415F-9A08-8F6679276934":{},"A85BFF7E-51B3-44F4-96BE-4432525983AD":{}},"className":"GDWidgetInstanceCell","orderedComponents":[],"dataBindingSourceCellScreenIndex":0,"dataBindings":[],"dataBindingTargetIndexPaths":[],"dataBindingTargetScreenIndexes":[],"definition":"2ED0DDD5-E594-4E35-B003-4B9A1A3CD5DB","specificationCell":0,"name":"Styling Cell","dataBindingSourceCellIndexPath":""}],"dataBindingSourceCellScreenIndex":0,"dataBindings":[],"dataBindingTargetIndexPaths":[],"dataBindingTargetScreenIndexes":[],"definition":"1C43814C-854B-4459-86BF-26DE6F80EA83","specificationCell":0,"name":"Styling Cell","dataBindingSourceCellIndexPath":""}],"dataBindingSourceCellScreenIndex":0,"dataBindings":[],"dataBindingTargetIndexPaths":[],"activeState":"A85BFF7E-51B3-44F4-96BE-4432525983AD","dataBindingTargetScreenIndexes":[],"definition":"D1D69C0E-2FBF-4D6E-8CD1-E91ACD278B5A","specificationCell":0,"name":"Maximize Button","dataBindingSourceCellIndexPath":""},{"eventHandlers":[],"styleProperties":{"87A8E3CE-0673-4567-A283-AFFDC3440D87":{"textRichText":0,"y":0,"className":"GDProperties","x":68},"99F0071E-9615-4AA9-93EA-6BF4F0915C4C":{"textRichText":0,"y":0,"className":"GDProperties","x":68},"5159A41A-C73F-4217-B10A-87021CFFB0E1":{"textRichText":0,"y":0,"className":"GDProperties","x":68}},"className":"GDWidgetInstanceRootCell","orderedComponents":[{"eventHandlers":[],"styleProperties":{"87A8E3CE-0673-4567-A283-AFFDC3440D87":{},"99F0071E-9615-4AA9-93EA-6BF4F0915C4C":{},"5159A41A-C73F-4217-B10A-87021CFFB0E1":{}},"className":"GDWidgetInstanceCell","orderedComponents":[{"eventHandlers":[],"styleProperties":{"87A8E3CE-0673-4567-A283-AFFDC3440D87":{},"99F0071E-9615-4AA9-93EA-6BF4F0915C4C":{},"5159A41A-C73F-4217-B10A-87021CFFB0E1":{}},"className":"GDWidgetInstanceCell","orderedComponents":[],"dataBindingSourceCellScreenIndex":0,"dataBindings":[],"dataBindingTargetIndexPaths":[],"dataBindingTargetScreenIndexes":[],"definition":"E9E529D4-9A0C-4C41-969C-D06D152F8719","specificationCell":0,"name":"Styling Cell","dataBindingSourceCellIndexPath":""},{"eventHandlers":[],"styleProperties":{"87A8E3CE-0673-4567-A283-AFFDC3440D87":{},"99F0071E-9615-4AA9-93EA-6BF4F0915C4C":{},"5159A41A-C73F-4217-B10A-87021CFFB0E1":{}},"className":"GDWidgetInstanceCell","orderedComponents":[],"dataBindingSourceCellScreenIndex":0,"dataBindings":[],"dataBindingTargetIndexPaths":[],"dataBindingTargetScreenIndexes":[],"definition":"14695E16-7E65-4648-A67F-93041941E9F6","specificationCell":0,"name":"Icon","dataBindingSourceCellIndexPath":""},{"eventHandlers":[],"styleProperties":{"87A8E3CE-0673-4567-A283-AFFDC3440D87":{},"99F0071E-9615-4AA9-93EA-6BF4F0915C4C":{},"5159A41A-C73F-4217-B10A-87021CFFB0E1":{}},"className":"GDWidgetInstanceCell","orderedComponents":[],"dataBindingSourceCellScreenIndex":0,"dataBindings":[],"dataBindingTargetIndexPaths":[],"dataBindingTargetScreenIndexes":[],"definition":"FDF932CB-0399-42AA-B3CF-0AE54AEC03A9","specificationCell":0,"name":"Styling Cell","dataBindingSourceCellIndexPath":""}],"dataBindingSourceCellScreenIndex":0,"dataBindings":[],"dataBindingTargetIndexPaths":[],"dataBindingTargetScreenIndexes":[],"definition":"508F8526-E37D-49A9-A71E-5EB2F40A67E9","specificationCell":0,"name":"Styling Cell","dataBindingSourceCellIndexPath":""}],"dataBindingSourceCellScreenIndex":0,"dataBindings":[],"dataBindingTargetIndexPaths":[],"activeState":"87A8E3CE-0673-4567-A283-AFFDC3440D87","dataBindingTargetScreenIndexes":[],"definition":"4A30FB19-D90E-478B-BF10-FC32E722D5C9","specificationCell":0,"name":"Close Button","dataBindingSourceCellIndexPath":""}],"dataBindingSourceCellScreenIndex":0,"dataBindings":[],"dataBindingTargetIndexPaths":[],"dataBindingTargetScreenIndexes":[],"definition":"87A8778A-5451-45AF-92D5-AEC5E4242BD9","specificationCell":0,"name":"Window Controls","dataBindingSourceCellIndexPath":""},{"eventHandlers":[],"styleProperties":{"x-coredata:\/\/8A119B17-AF00-4D70-8084-3C8BA8F4FC4C\/GDState\/p58":{},"A6BE2460-3E14-45C6-88A1-1E6F3F7552DE":{},"2D2A818B-2005-4015-BBCE-5A30A781B923":{}},"className":"GDWidgetInstanceCell","orderedComponents":[],"dataBindingSourceCellScreenIndex":0,"dataBindings":[],"dataBindingTargetIndexPaths":[],"dataBindingTargetScreenIndexes":[],"definition":"C15D0A2B-CA80-4938-AB7E-79BD71A51357","specificationCell":0,"name":"Battery %","dataBindingSourceCellIndexPath":""},{"eventHandlers":[],"styleProperties":{"x-coredata:\/\/8A119B17-AF00-4D70-8084-3C8BA8F4FC4C\/GDState\/p58":{},"A6BE2460-3E14-45C6-88A1-1E6F3F7552DE":{},"2D2A818B-2005-4015-BBCE-5A30A781B923":{}},"className":"GDWidgetInstanceCell","orderedComponents":[],"dataBindingSourceCellScreenIndex":0,"dataBindings":[],"dataBindingTargetIndexPaths":[],"dataBindingTargetScreenIndexes":[],"definition":"1398ED71-193B-4EEA-BDF1-D4A891FB406E","specificationCell":0,"name":"Battery Icon","dataBindingSourceCellIndexPath":""}],"dataBindingSourceCellScreenIndex":0,"dataBindings":[],"dataBindingTargetIndexPaths":[],"dataBindingTargetScreenIndexes":[],"definition":"C47A7E7A-22DC-41C8-BA8C-80442DF51F70","specificationCell":0,"name":"Window Controls Container","dataBindingSourceCellIndexPath":""},{"eventHandlers":[],"styleProperties":{"x-coredata:\/\/8A119B17-AF00-4D70-8084-3C8BA8F4FC4C\/GDState\/p58":{},"A6BE2460-3E14-45C6-88A1-1E6F3F7552DE":{},"2D2A818B-2005-4015-BBCE-5A30A781B923":{}},"className":"GDWidgetInstanceCell","orderedComponents":[{"eventHandlers":[],"styleProperties":{"x-coredata:\/\/8A119B17-AF00-4D70-8084-3C8BA8F4FC4C\/GDState\/p58":{},"A6BE2460-3E14-45C6-88A1-1E6F3F7552DE":{},"2D2A818B-2005-4015-BBCE-5A30A781B923":{}},"className":"GDWidgetInstanceCell","orderedComponents":[],"dataBindingSourceCellScreenIndex":0,"dataBindings":[],"dataBindingTargetIndexPaths":[],"dataBindingTargetScreenIndexes":[],"definition":"DB792B4D-C2F9-47AD-99A7-D962F0C5DDC9","specificationCell":0,"name":"Icon","dataBindingSourceCellIndexPath":""},{"eventHandlers":[],"styleProperties":{"x-coredata:\/\/8A119B17-AF00-4D70-8084-3C8BA8F4FC4C\/GDState\/p58":{},"A6BE2460-3E14-45C6-88A1-1E6F3F7552DE":{},"2D2A818B-2005-4015-BBCE-5A30A781B923":{}},"className":"GDWidgetInstanceCell","orderedComponents":[],"dataBindingSourceCellScreenIndex":0,"dataBindings":[],"dataBindingTargetIndexPaths":[],"dataBindingTargetScreenIndexes":[],"definition":"8CAE73B7-736A-48EF-88E2-9FDCCCE3E8F5","specificationCell":0,"name":"Label","dataBindingSourceCellIndexPath":""}],"dataBindingSourceCellScreenIndex":0,"dataBindings":[],"dataBindingTargetIndexPaths":[],"dataBindingTargetScreenIndexes":[],"definition":"2D7C9151-6B5C-4E13-8979-C13299A46BA5","specificationCell":0,"name":"Label Container","dataBindingSourceCellIndexPath":""}],"dataBindingSourceCellScreenIndex":0,"dataBindings":[],"dataBindingTargetIndexPaths":[],"activeState":"x-coredata:\/\/8A119B17-AF00-4D70-8084-3C8BA8F4FC4C\/GDState\/p58","dataBindingTargetScreenIndexes":[],"definition":"x-coredata:\/\/8A119B17-AF00-4D70-8084-3C8BA8F4FC4C\/GDWidgetRootCellDefinition\/p14","specificationCell":0,"name":"Title Bar","dataBindingSourceCellIndexPath":""},{"eventHandlers":[],"styleProperties":{"x-coredata:\/\/8A119B17-AF00-4D70-8084-3C8BA8F4FC4C\/GDState\/p29":{"borderRightWidth":0,"x":273.4922,"verticalAlignment":2,"className":"GDProperties","borderBottomWidth":0,"width":960,"horizontalResizing":1,"backgroundPainterType":2,"textColor":{"NSColorValue":"0.873678,0.838534,0.872227,1.000000"},"minimumHeight":3,"textFont":{"GDFont":{"isItalic":false,"fontName":"LucidaGrande","size":12,"css":"\"Lucida Grande\", \"LucidaGrande\"","isBold":false}},"y":224.8125,"horizontalAlignment":2,"height":155,"borderLeftWidth":0,"layoutPolicyCode":2,"borderTopWidth":0,"minimumWidth":3,"backgroundImageResource":{"GDImageResource":{"identifier":"2A98E2F7-333D-4176-A7B1-65945EB8487E"}}}},"className":"GDWidgetInstanceRootCell","orderedComponents":[{"eventHandlers":[],"styleProperties":{"EA6EA433-2492-441F-9C2F-106EEB936036":{"className":"GDProperties","x":832.9948,"y":101.3385},"89AD71DC-AA89-4D67-B368-EF8098EA0A84":{"className":"GDProperties","x":832.9948,"y":101.3385},"A30E960E-2C3F-4313-A92F-326512C69C77":{"y":5,"className":"GDProperties","width":150,"x":5},"B05B3740-AA27-48BB-82C1-F0E991552DD6":{"className":"GDProperties","x":832.9948,"y":101.3385}},"className":"GDWidgetInstanceRootCell","orderedComponents":[{"eventHandlers":[],"styleProperties":{"EA6EA433-2492-441F-9C2F-106EEB936036":{},"89AD71DC-AA89-4D67-B368-EF8098EA0A84":{},"A30E960E-2C3F-4313-A92F-326512C69C77":{},"B05B3740-AA27-48BB-82C1-F0E991552DD6":{}},"className":"GDWidgetInstanceCell","orderedComponents":[{"eventHandlers":[],"styleProperties":{"EA6EA433-2492-441F-9C2F-106EEB936036":{},"89AD71DC-AA89-4D67-B368-EF8098EA0A84":{},"A30E960E-2C3F-4313-A92F-326512C69C77":{},"B05B3740-AA27-48BB-82C1-F0E991552DD6":{}},"className":"GDWidgetInstanceCell","orderedComponents":[{"eventHandlers":[],"styleProperties":{"EA6EA433-2492-441F-9C2F-106EEB936036":{},"89AD71DC-AA89-4D67-B368-EF8098EA0A84":{},"A30E960E-2C3F-4313-A92F-326512C69C77":{},"B05B3740-AA27-48BB-82C1-F0E991552DD6":{}},"className":"GDWidgetInstanceCell","orderedComponents":[],"dataBindingSourceCellScreenIndex":0,"dataBindings":[],"dataBindingTargetIndexPaths":[],"dataBindingTargetScreenIndexes":[],"definition":"F09D453D-DE20-490D-AB78-245A047FEE46","specificationCell":0,"name":"Icon","dataBindingSourceCellIndexPath":""},{"eventHandlers":[],"styleProperties":{"EA6EA433-2492-441F-9C2F-106EEB936036":{},"89AD71DC-AA89-4D67-B368-EF8098EA0A84":{},"A30E960E-2C3F-4313-A92F-326512C69C77":{},"B05B3740-AA27-48BB-82C1-F0E991552DD6":{}},"className":"GDWidgetInstanceCell","orderedComponents":[],"dataBindingSourceCellScreenIndex":0,"dataBindings":[],"dataBindingTargetIndexPaths":[],"dataBindingTargetScreenIndexes":[],"definition":"B364BE8A-284C-4FB9-A826-B7130AD9BABE","specificationCell":0,"name":"Label","dataBindingSourceCellIndexPath":""},{"eventHandlers":[],"styleProperties":{"EA6EA433-2492-441F-9C2F-106EEB936036":{},"89AD71DC-AA89-4D67-B368-EF8098EA0A84":{},"A30E960E-2C3F-4313-A92F-326512C69C77":{},"B05B3740-AA27-48BB-82C1-F0E991552DD6":{}},"className":"GDWidgetInstanceCell","orderedComponents":[{"eventHandlers":[],"styleProperties":{"EA6EA433-2492-441F-9C2F-106EEB936036":{},"89AD71DC-AA89-4D67-B368-EF8098EA0A84":{},"A30E960E-2C3F-4313-A92F-326512C69C77":{},"B05B3740-AA27-48BB-82C1-F0E991552DD6":{}},"className":"GDWidgetInstanceCell","orderedComponents":[{"eventHandlers":[],"styleProperties":{"EA6EA433-2492-441F-9C2F-106EEB936036":{},"89AD71DC-AA89-4D67-B368-EF8098EA0A84":{},"A30E960E-2C3F-4313-A92F-326512C69C77":{},"B05B3740-AA27-48BB-82C1-F0E991552DD6":{}},"className":"GDWidgetInstanceCell","orderedComponents":[],"dataBindingSourceCellScreenIndex":0,"dataBindings":[],"dataBindingTargetIndexPaths":[],"dataBindingTargetScreenIndexes":[],"definition":"06285875-B9B9-4F25-91EF-11021A02B925","specificationCell":0,"name":"x retina 2","dataBindingSourceCellIndexPath":""}],"dataBindingSourceCellScreenIndex":0,"dataBindings":[],"dataBindingTargetIndexPaths":[],"dataBindingTargetScreenIndexes":[],"definition":"47404AC9-63FB-4AA2-8AB7-3A16DD8BD84A","specificationCell":0,"name":"x","dataBindingSourceCellIndexPath":""}],"dataBindingSourceCellScreenIndex":0,"dataBindings":[],"dataBindingTargetIndexPaths":[],"dataBindingTargetScreenIndexes":[],"definition":"73832FB5-FDE8-47F0-9A1E-C6185735C7EA","specificationCell":0,"name":"Reset ","dataBindingSourceCellIndexPath":""}],"dataBindingSourceCellScreenIndex":0,"dataBindings":[],"dataBindingTargetIndexPaths":[],"dataBindingTargetScreenIndexes":[],"definition":"667B8A4C-32AF-419B-BE84-53B6852B776C","specificationCell":0,"name":"Styling Cell","dataBindingSourceCellIndexPath":""}],"dataBindingSourceCellScreenIndex":0,"dataBindings":[],"dataBindingTargetIndexPaths":[],"dataBindingTargetScreenIndexes":[],"definition":"C4B685A0-1BCB-4FD2-8143-ABB3FE3862D0","specificationCell":0,"name":"Styling Cell","dataBindingSourceCellIndexPath":""}],"dataBindingSourceCellScreenIndex":0,"dataBindings":[],"dataBindingTargetIndexPaths":[],"activeState":"A30E960E-2C3F-4313-A92F-326512C69C77","dataBindingTargetScreenIndexes":[],"definition":"23CB8181-CAAA-4B76-94E9-F1FBFC2AADC3","specificationCell":0,"name":"Search Field","dataBindingSourceCellIndexPath":""}],"dataBindingSourceCellScreenIndex":0,"dataBindings":[],"dataBindingTargetIndexPaths":[],"activeState":"x-coredata:\/\/8A119B17-AF00-4D70-8084-3C8BA8F4FC4C\/GDState\/p29","dataBindingTargetScreenIndexes":[],"definition":"x-coredata:\/\/8A119B17-AF00-4D70-8084-3C8BA8F4FC4C\/GDWidgetRootCellDefinition\/p18","specificationCell":0,"name":"Header Rockwinkel","dataBindingSourceCellIndexPath":""},{"eventHandlers":[],"styleProperties":{"x-coredata:\/\/8A119B17-AF00-4D70-8084-3C8BA8F4FC4C\/GDState\/p29":{"borderRightWidth":0,"x":589,"textWordWrap":0,"className":"GDProperties","isContentClipped":0,"borderBottomWidth":0,"horizontalResizing":1,"backgroundPainterType":1,"textColor":{"NSColorValue":"0.991367,0.934878,0.287801,1.000000"},"minimumHeight":3,"textFont":{"GDFont":{"isItalic":false,"fontName":"LucidaGrande","size":12,"css":"\"Lucida Grande\", \"LucidaGrande\"","isBold":false}},"width":100,"y":310,"height":100,"borderLeftWidth":0,"layoutPolicyCode":2,"borderTopWidth":0,"minimumWidth":3,"verticalResizing":2}},"className":"GDWidgetInstanceRootCell","orderedComponents":[{"eventHandlers":[{"className":"GDEventHandler","eventType":"GDMouseClickEventType","orderedActions":[{"className":"GDGotoScreenAction","screenIndex":1}]}],"styleProperties":{"409EE8CF-50CE-4BC0-B4CE-6CEB6AC3C0FD":{},"33B464A7-9D8C-4142-9889-2C5EA5FF6E82":{},"B3DA358C-15D5-4B72-9313-3A360473D19A":{"className":"GDProperties","x":0,"y":0}},"className":"GDWidgetInstanceRootCell","orderedComponents":[{"eventHandlers":[],"styleProperties":{"x-coredata:\/\/8A119B17-AF00-4D70-8084-3C8BA8F4FC4C\/GDState\/p29":{"backgroundGradientIsRadial":0,"isMovable":1,"cornerRadiusTopLeft":0,"dropShadowSize":0,"horizontalAlignment":0,"isDisplay":1,"horizontalResizing":1,"dropShadow":0,"backgroundPainterType":3,"isContentClipped":0,"verticalAlignment":0,"minimumHeight":3,"className":"GDProperties","paddingRight":0,"marginBottom":0,"isDropTarget":0,"textLineHeight":1,"marginRight":0,"textShadowOffset":2,"borderBottomWidth":0,"rotationAngle":0,"width":100,"flexHeightPercentage":100,"opacity":1,"flexWidthPercentage":100,"backgroundImageHorizontalAlignment":1,"textRichText":0,"verticalResizing":1,"backgroundImageVerticalOperation":0,"innerShadowAngle":315,"dropShadowOpacity":0.5,"borderRightColor":{"NSColorValue":"0.000000,0.000000,0.000000,1.000000"},"paddingBottom":0,"textShadowAngle":180,"innerShadowBlur":5,"dropShadowOffset":2,"marginTop":0,"dropShadowBlur":2,"isVisible":1,"innerShadowOffset":5,"borderTopColor":{"NSColorValue":"0.000000,0.000000,0.000000,1.000000"},"innerShadowOpacity":0.75,"marginLeft":0,"textShadowColor":{"NSColorValue":"0.000000,0.000000,0.000000,1.000000"},"isDrawingReverted":0,"textFont":{"GDFont":{"isItalic":false,"fontName":"HelveticaNeue","size":14,"css":"\"Helvetica Neue\", \"HelveticaNeue\"","isBold":false}},"activeHorizontalAlignment":0,"maximumWidth":1000000,"paddingLeft":0,"cellType":0,"maximumHeight":1000000,"textAntialias":1,"backgroundColor":{"NSColorValue":"1.000000,1.000000,1.000000,1.000000"},"cornerRadiusTopRight":0,"borderLeftColor":{"NSColorValue":"0.000000,0.000000,0.000000,1.000000"},"textTraits":0,"textShadow":0,"textShadowBlur":1,"textShadowOpacity":0.5,"activeVerticalAlignment":0,"cornerRadiusBottomRight":0,"textColor":{"NSColorValue":"0.200000,0.200000,0.200000,1.000000"},"borderTopWidth":0,"dropShadowAngle":180,"activeLayout":0,"backgroundImageHorizontalOperation":0,"minimumWidth":3,"borderBottomColor":{"NSColorValue":"0.000000,0.000000,0.000000,1.000000"},"borderLeftWidth":0,"dropShadowColor":{"NSColorValue":"0.000000,0.000000,0.000000,1.000000"},"textHorizontalAlignment":1,"paddingTop":0,"textWordWrap":1,"innerShadow":0,"backgroundGradientAngle":0,"x":10,"isSelectable":0,"backgroundGradient":{"CTGradient":{"colorStops":[1,1,1,0.25,0,0.1333333333333333,0.1333333333333333,0.1333333333333333,0.15,1],"count":2}},"backgroundImageVerticalAlignment":1,"height":100,"cornerRadiusBottomLeft":0,"y":225,"layoutPolicyCode":1,"textVerticalAlignment":1,"borderRightWidth":0,"innerShadowColor":{"NSColorValue":"0.000000,0.000000,0.000000,1.000000"}}},"className":"GDWidgetInstanceRootCell","orderedComponents":[],"dataBindingSourceCellScreenIndex":0,"dataBindings":[],"dataBindingTargetIndexPaths":[],"activeState":"x-coredata:\/\/8A119B17-AF00-4D70-8084-3C8BA8F4FC4C\/GDState\/p29","dataBindingTargetScreenIndexes":[],"definition":"x-coredata:\/\/8A119B17-AF00-4D70-8084-3C8BA8F4FC4C\/GDWidgetRootCellDefinition\/p18","specificationCell":0,"name":"gradient","dataBindingSourceCellIndexPath":""},{"eventHandlers":[],"styleProperties":{"x-coredata:\/\/8A119B17-AF00-4D70-8084-3C8BA8F4FC4C\/GDState\/p29":{"backgroundGradientIsRadial":0,"isMovable":1,"cornerRadiusTopLeft":0,"dropShadowSize":0,"horizontalAlignment":0,"isDisplay":1,"horizontalResizing":2,"dropShadow":0,"backgroundPainterType":0,"isContentClipped":0,"verticalAlignment":1,"minimumHeight":3,"className":"GDProperties","paddingRight":12,"marginBottom":0,"isDropTarget":0,"textLineHeight":1,"marginRight":0,"textShadowOffset":2,"borderBottomWidth":0,"rotationAngle":0,"width":100,"flexHeightPercentage":100,"opacity":1,"flexWidthPercentage":100,"backgroundImageHorizontalAlignment":1,"textRichText":0,"verticalResizing":1,"backgroundImageVerticalOperation":0,"innerShadowAngle":315,"dropShadowOpacity":0.5,"borderRightColor":{"NSColorValue":"0.000000,0.000000,0.000000,1.000000"},"paddingBottom":4,"textShadowAngle":180,"innerShadowBlur":5,"dropShadowOffset":2,"marginTop":0,"dropShadowBlur":2,"isVisible":1,"innerShadowOffset":5,"borderTopColor":{"NSColorValue":"0.000000,0.000000,0.000000,1.000000"},"innerShadowOpacity":0.75,"marginLeft":0,"textShadowColor":{"NSColorValue":"0.000000,0.000000,0.000000,1.000000"},"isDrawingReverted":0,"textFont":{"GDFont":{"isItalic":false,"fontName":"HelveticaNeue","size":14,"css":"\"Helvetica Neue\", \"HelveticaNeue\"","isBold":false}},"activeHorizontalAlignment":0,"maximumWidth":1000000,"paddingLeft":12,"cellType":0,"maximumHeight":1000000,"textAntialias":1,"backgroundColor":{"NSColorValue":"1.000000,1.000000,1.000000,1.000000"},"cornerRadiusTopRight":0,"borderLeftColor":{"NSColorValue":"0.000000,0.000000,0.000000,1.000000"},"textTraits":0,"textShadow":0,"textShadowBlur":1,"textShadowOpacity":0.5,"activeVerticalAlignment":0,"cornerRadiusBottomRight":0,"textColor":{"NSColorValue":"0.200000,0.200000,0.200000,1.000000"},"borderTopWidth":0,"dropShadowAngle":180,"activeLayout":0,"backgroundImageHorizontalOperation":0,"minimumWidth":3,"borderBottomColor":{"NSColorValue":"0.000000,0.000000,0.000000,1.000000"},"borderLeftWidth":0,"dropShadowColor":{"NSColorValue":"0.000000,0.000000,0.000000,1.000000"},"textHorizontalAlignment":1,"paddingTop":4,"textWordWrap":0,"innerShadow":0,"backgroundGradientAngle":0,"x":0,"isSelectable":1,"backgroundGradient":{"CTGradient":{"colorStops":[0.68,0.68,0.68,1,0,0.83,0.83,0.83,1,1],"count":2}},"backgroundImageVerticalAlignment":1,"height":100,"cornerRadiusBottomLeft":0,"y":215,"layoutPolicyCode":2,"textVerticalAlignment":1,"borderRightWidth":0,"innerShadowColor":{"NSColorValue":"0.000000,0.000000,0.000000,1.000000"}}},"className":"GDWidgetInstanceRootCell","orderedComponents":[{"eventHandlers":[],"styleProperties":{"x-coredata:\/\/8A119B17-AF00-4D70-8084-3C8BA8F4FC4C\/GDState\/p29":{"backgroundGradientIsRadial":0,"isMovable":1,"cornerRadiusTopLeft":0,"dropShadowSize":0,"horizontalAlignment":0,"isDisplay":1,"horizontalResizing":2,"dropShadow":0,"backgroundPainterType":0,"isContentClipped":0,"verticalAlignment":0,"minimumHeight":3,"className":"GDProperties","paddingRight":0,"marginBottom":0,"isDropTarget":0,"textLineHeight":1,"marginRight":0,"textShadowOffset":2,"borderBottomWidth":0,"rotationAngle":0,"width":100,"flexHeightPercentage":100,"opacity":1,"flexWidthPercentage":100,"backgroundImageHorizontalAlignment":1,"textRichText":0,"textAttributedString":"Start","verticalResizing":2,"backgroundImageVerticalOperation":0,"innerShadowAngle":315,"dropShadowOpacity":0.5,"borderRightColor":{"NSColorValue":"0.000000,0.000000,0.000000,1.000000"},"paddingBottom":0,"textShadowAngle":180,"innerShadowBlur":5,"dropShadowOffset":2,"marginTop":0,"dropShadowBlur":2,"isVisible":1,"innerShadowOffset":5,"borderTopColor":{"NSColorValue":"0.000000,0.000000,0.000000,1.000000"},"innerShadowOpacity":0.75,"marginLeft":0,"textShadowColor":{"NSColorValue":"0.000000,0.000000,0.000000,1.000000"},"isDrawingReverted":0,"textFont":{"GDFont":{"isItalic":false,"fontName":"HelveticaNeue","size":14,"css":"\"Helvetica Neue\", \"HelveticaNeue\"","isBold":false}},"activeHorizontalAlignment":0,"maximumWidth":1000000,"paddingLeft":0,"cellType":0,"maximumHeight":1000000,"textAntialias":1,"backgroundColor":{"NSColorValue":"1.000000,1.000000,1.000000,1.000000"},"backgroundImageProportionalScale":1,"cornerRadiusTopRight":0,"borderLeftColor":{"NSColorValue":"0.000000,0.000000,0.000000,1.000000"},"textTraits":0,"textShadow":0,"textShadowBlur":1,"textShadowOpacity":0.5,"activeVerticalAlignment":0,"cornerRadiusBottomRight":0,"textColor":{"NSColorValue":"1.000000,1.000000,1.000000,1.000000"},"borderTopWidth":0,"dropShadowAngle":180,"activeLayout":0,"backgroundImageHorizontalOperation":0,"minimumWidth":3,"borderBottomColor":{"NSColorValue":"0.000000,0.000000,0.000000,1.000000"},"borderLeftWidth":0,"backgroundImageResource":{"GDImageResource":{"identifier":"27CCE4EF-BE83-4BAC-8F40-ADE4606083D7"}},"dropShadowColor":{"NSColorValue":"0.000000,0.000000,0.000000,1.000000"},"textHorizontalAlignment":1,"paddingTop":0,"textWordWrap":0,"innerShadow":0,"backgroundGradientAngle":0,"x":350,"isSelectable":1,"backgroundGradient":{"CTGradient":{"colorStops":[0.68,0.68,0.68,1,0,0.83,0.83,0.83,1,1],"count":2}},"backgroundImageVerticalAlignment":1,"height":100,"cornerRadiusBottomLeft":0,"y":215,"layoutPolicyCode":1,"textVerticalAlignment":1,"borderRightWidth":0,"innerShadowColor":{"NSColorValue":"0.000000,0.000000,0.000000,1.000000"}}},"className":"GDWidgetInstanceRootCell","orderedComponents":[],"dataBindingSourceCellScreenIndex":0,"dataBindings":[],"dataBindingTargetIndexPaths":[],"activeState":"x-coredata:\/\/8A119B17-AF00-4D70-8084-3C8BA8F4FC4C\/GDState\/p29","dataBindingTargetScreenIndexes":[],"definition":"x-coredata:\/\/8A119B17-AF00-4D70-8084-3C8BA8F4FC4C\/GDWidgetRootCellDefinition\/p18","specificationCell":0,"name":"content","dataBindingSourceCellIndexPath":""}],"dataBindingSourceCellScreenIndex":0,"dataBindings":[],"dataBindingTargetIndexPaths":[],"activeState":"x-coredata:\/\/8A119B17-AF00-4D70-8084-3C8BA8F4FC4C\/GDState\/p29","dataBindingTargetScreenIndexes":[],"definition":"x-coredata:\/\/8A119B17-AF00-4D70-8084-3C8BA8F4FC4C\/GDWidgetRootCellDefinition\/p18","specificationCell":0,"name":"foreground","dataBindingSourceCellIndexPath":""}],"dataBindingSourceCellScreenIndex":0,"dataBindings":[],"dataBindingTargetIndexPaths":[],"activeState":"B3DA358C-15D5-4B72-9313-3A360473D19A","dataBindingTargetScreenIndexes":[],"definition":"9DD60B83-ACBB-4633-BC41-4115F31998BA","specificationCell":0,"name":"Bootstrp button dropdown","dataBindingSourceCellIndexPath":""},{"eventHandlers":[{"className":"GDEventHandler","eventType":"GDMouseClickEventType","orderedActions":[{"className":"GDGotoScreenAction","screenIndex":3}]}],"styleProperties":{"E22F90ED-0286-43A0-8D62-ED8AEB90AFFD":{},"35F8219F-96E1-46D8-9EEB-CD53252883B8":{},"36B11B05-C7A9-4C88-943F-8CBB750E46C4":{"className":"GDProperties","x":236,"y":0}},"className":"GDWidgetInstanceRootCell","orderedComponents":[{"eventHandlers":[],"styleProperties":{"E22F90ED-0286-43A0-8D62-ED8AEB90AFFD":{},"35F8219F-96E1-46D8-9EEB-CD53252883B8":{},"36B11B05-C7A9-4C88-943F-8CBB750E46C4":{}},"className":"GDWidgetInstanceCell","orderedComponents":[],"dataBindingSourceCellScreenIndex":0,"dataBindings":[],"dataBindingTargetIndexPaths":[],"dataBindingTargetScreenIndexes":[],"definition":"C7E2254D-8D7E-46FC-B1DC-EBE6DD4D7875","specificationCell":0,"name":"gradient","dataBindingSourceCellIndexPath":""},{"eventHandlers":[],"styleProperties":{"E22F90ED-0286-43A0-8D62-ED8AEB90AFFD":{},"35F8219F-96E1-46D8-9EEB-CD53252883B8":{},"36B11B05-C7A9-4C88-943F-8CBB750E46C4":{}},"className":"GDWidgetInstanceCell","orderedComponents":[{"eventHandlers":[],"styleProperties":{"E22F90ED-0286-43A0-8D62-ED8AEB90AFFD":{"className":"GDProperties","textAttributedString":"Publikationen"},"35F8219F-96E1-46D8-9EEB-CD53252883B8":{"className":"GDProperties","textAttributedString":"Publikationen"},"36B11B05-C7A9-4C88-943F-8CBB750E46C4":{"className":"GDProperties","textAttributedString":"Publikationen"}},"className":"GDWidgetInstanceCell","orderedComponents":[],"dataBindingSourceCellScreenIndex":0,"dataBindings":[],"dataBindingTargetIndexPaths":[],"dataBindingTargetScreenIndexes":[],"definition":"6905DDA2-3A23-4D76-B014-28D266D27C29","specificationCell":0,"name":"content","dataBindingSourceCellIndexPath":""}],"dataBindingSourceCellScreenIndex":0,"dataBindings":[],"dataBindingTargetIndexPaths":[],"dataBindingTargetScreenIndexes":[],"definition":"2C77F090-8EAD-420D-B991-AB08A5E74DF8","specificationCell":0,"name":"foreground","dataBindingSourceCellIndexPath":""}],"dataBindingSourceCellScreenIndex":0,"dataBindings":[],"dataBindingTargetIndexPaths":[],"activeState":"36B11B05-C7A9-4C88-943F-8CBB750E46C4","dataBindingTargetScreenIndexes":[],"definition":"B018D473-6E64-4C01-9482-F3815FC87642","specificationCell":0,"name":"Bootstrp button dropdown","dataBindingSourceCellIndexPath":""},{"eventHandlers":[{"className":"GDEventHandler","eventType":"GDMouseClickEventType","orderedActions":[{"className":"GDGotoScreenAction","screenIndex":8}]}],"styleProperties":{"012A7B46-A4DB-459B-9BFD-3E4F09BAA9A2":{"borderGradientFill":{"CTGradient":{"colorStops":[0.68,0.68,0.68,1,0,0.83,0.83,0.83,1,1],"count":2}},"cornerRadiusBottomLeft":0,"x":471,"backgroundColor":{"NSColorValue":"0.576471,0.682353,0.796079,1.000000"},"className":"GDProperties","y":0,"cornerRadiusTopLeft":0,"horizontalResizing":1,"cornerRadiusBottomRight":0,"cornerRadiusTopRight":0,"horizontalAlignment":1,"borderGradient":0},"6646F93E-ACD3-4747-8D9C-59ACA18B7426":{"borderGradientFill":{"CTGradient":{"colorStops":[0.68,0.68,0.68,1,0,0.83,0.83,0.83,1,1],"count":2}},"cornerRadiusBottomLeft":0,"x":53.75,"backgroundColor":{"NSColorValue":"0.576471,0.682353,0.796079,1.000000"},"className":"GDProperties","y":219.7305,"cornerRadiusTopLeft":0,"horizontalResizing":1,"cornerRadiusBottomRight":0,"cornerRadiusTopRight":0,"horizontalAlignment":1,"borderGradient":0},"0CA01FB5-4831-48FF-A6C4-040724DC47E2":{"borderGradientFill":{"CTGradient":{"colorStops":[0.68,0.68,0.68,1,0,0.83,0.83,0.83,1,1],"count":2}},"cornerRadiusBottomLeft":0,"x":53.75,"backgroundColor":{"NSColorValue":"0.576471,0.682353,0.796079,1.000000"},"className":"GDProperties","y":219.7305,"cornerRadiusTopLeft":0,"horizontalResizing":1,"cornerRadiusBottomRight":0,"cornerRadiusTopRight":0,"horizontalAlignment":1,"borderGradient":0}},"className":"GDWidgetInstanceRootCell","orderedComponents":[{"eventHandlers":[],"styleProperties":{"012A7B46-A4DB-459B-9BFD-3E4F09BAA9A2":{"className":"GDProperties","x":10},"6646F93E-ACD3-4747-8D9C-59ACA18B7426":{"className":"GDProperties","x":10},"0CA01FB5-4831-48FF-A6C4-040724DC47E2":{"className":"GDProperties","x":10}},"className":"GDWidgetInstanceCell","orderedComponents":[],"dataBindingSourceCellScreenIndex":0,"dataBindings":[],"dataBindingTargetIndexPaths":[],"dataBindingTargetScreenIndexes":[],"definition":"2D8EED0C-5B04-4C18-8A35-D6BAF06D8C82","specificationCell":0,"name":"gradient","dataBindingSourceCellIndexPath":""},{"eventHandlers":[],"styleProperties":{"012A7B46-A4DB-459B-9BFD-3E4F09BAA9A2":{"className":"GDProperties","x":0},"6646F93E-ACD3-4747-8D9C-59ACA18B7426":{"className":"GDProperties","x":0},"0CA01FB5-4831-48FF-A6C4-040724DC47E2":{"className":"GDProperties","x":0}},"className":"GDWidgetInstanceCell","orderedComponents":[{"eventHandlers":[],"styleProperties":{"012A7B46-A4DB-459B-9BFD-3E4F09BAA9A2":{"className":"GDProperties","textAttributedString":"Leser"},"6646F93E-ACD3-4747-8D9C-59ACA18B7426":{"className":"GDProperties","textAttributedString":"Leser"},"0CA01FB5-4831-48FF-A6C4-040724DC47E2":{"className":"GDProperties","textAttributedString":"Leser"}},"className":"GDWidgetInstanceCell","orderedComponents":[],"dataBindingSourceCellScreenIndex":0,"dataBindings":[],"dataBindingTargetIndexPaths":[],"dataBindingTargetScreenIndexes":[],"definition":"8118DFB1-2921-4702-924C-9D91ADDA287D","specificationCell":0,"name":"content","dataBindingSourceCellIndexPath":""}],"dataBindingSourceCellScreenIndex":0,"dataBindings":[],"dataBindingTargetIndexPaths":[],"dataBindingTargetScreenIndexes":[],"definition":"88AE0A21-5BA8-4B11-A245-9F563AA87CF4","specificationCell":0,"name":"foreground","dataBindingSourceCellIndexPath":""}],"dataBindingSourceCellScreenIndex":0,"dataBindings":[],"dataBindingTargetIndexPaths":[],"activeState":"012A7B46-A4DB-459B-9BFD-3E4F09BAA9A2","dataBindingTargetScreenIndexes":[],"definition":"A27F5494-F4CC-497E-9F71-0CB773010F34","specificationCell":0,"name":"Bootstrp button dropdown","dataBindingSourceCellIndexPath":""},{"eventHandlers":[{"className":"GDEventHandler","eventType":"GDMouseClickEventType","orderedActions":[{"className":"GDGotoScreenAction","screenIndex":12}]}],"styleProperties":{"012A7B46-A4DB-459B-9BFD-3E4F09BAA9A2":{"borderGradientFill":{"CTGradient":{"colorStops":[0.68,0.68,0.68,1,0,0.83,0.83,0.83,1,1],"count":2}},"cornerRadiusBottomLeft":0,"x":706,"backgroundColor":{"NSColorValue":"0.576471,0.682353,0.796079,1.000000"},"className":"GDProperties","y":0,"cornerRadiusTopLeft":0,"horizontalResizing":1,"cornerRadiusBottomRight":0,"cornerRadiusTopRight":0,"horizontalAlignment":1,"borderGradient":0},"6646F93E-ACD3-4747-8D9C-59ACA18B7426":{"borderGradientFill":{"CTGradient":{"colorStops":[0.68,0.68,0.68,1,0,0.83,0.83,0.83,1,1],"count":2}},"cornerRadiusBottomLeft":0,"x":63.75,"backgroundColor":{"NSColorValue":"0.576471,0.682353,0.796079,1.000000"},"className":"GDProperties","y":229.7305,"cornerRadiusTopLeft":0,"horizontalResizing":1,"cornerRadiusBottomRight":0,"cornerRadiusTopRight":0,"horizontalAlignment":1,"borderGradient":0},"0CA01FB5-4831-48FF-A6C4-040724DC47E2":{"borderGradientFill":{"CTGradient":{"colorStops":[0.68,0.68,0.68,1,0,0.83,0.83,0.83,1,1],"count":2}},"cornerRadiusBottomLeft":0,"x":63.75,"backgroundColor":{"NSColorValue":"0.576471,0.682353,0.796079,1.000000"},"className":"GDProperties","y":229.7305,"cornerRadiusTopLeft":0,"horizontalResizing":1,"cornerRadiusBottomRight":0,"cornerRadiusTopRight":0,"horizontalAlignment":1,"borderGradient":0}},"className":"GDWidgetInstanceRootCell","orderedComponents":[{"eventHandlers":[],"styleProperties":{"012A7B46-A4DB-459B-9BFD-3E4F09BAA9A2":{"className":"GDProperties","x":10},"6646F93E-ACD3-4747-8D9C-59ACA18B7426":{"className":"GDProperties","x":10},"0CA01FB5-4831-48FF-A6C4-040724DC47E2":{"className":"GDProperties","x":10}},"className":"GDWidgetInstanceCell","orderedComponents":[],"dataBindingSourceCellScreenIndex":0,"dataBindings":[],"dataBindingTargetIndexPaths":[],"dataBindingTargetScreenIndexes":[],"definition":"2D8EED0C-5B04-4C18-8A35-D6BAF06D8C82","specificationCell":0,"name":"gradient","dataBindingSourceCellIndexPath":""},{"eventHandlers":[],"styleProperties":{"012A7B46-A4DB-459B-9BFD-3E4F09BAA9A2":{"className":"GDProperties","x":0},"6646F93E-ACD3-4747-8D9C-59ACA18B7426":{"className":"GDProperties","x":0},"0CA01FB5-4831-48FF-A6C4-040724DC47E2":{"className":"GDProperties","x":0}},"className":"GDWidgetInstanceCell","orderedComponents":[{"eventHandlers":[],"styleProperties":{"012A7B46-A4DB-459B-9BFD-3E4F09BAA9A2":{"className":"GDProperties","textAttributedString":"Administration"},"6646F93E-ACD3-4747-8D9C-59ACA18B7426":{"className":"GDProperties","textAttributedString":"Administration"},"0CA01FB5-4831-48FF-A6C4-040724DC47E2":{"className":"GDProperties","textAttributedString":"Administration"}},"className":"GDWidgetInstanceCell","orderedComponents":[],"dataBindingSourceCellScreenIndex":0,"dataBindings":[],"dataBindingTargetIndexPaths":[],"dataBindingTargetScreenIndexes":[],"definition":"8118DFB1-2921-4702-924C-9D91ADDA287D","specificationCell":0,"name":"content","dataBindingSourceCellIndexPath":""}],"dataBindingSourceCellScreenIndex":0,"dataBindings":[],"dataBindingTargetIndexPaths":[],"dataBindingTargetScreenIndexes":[],"definition":"88AE0A21-5BA8-4B11-A245-9F563AA87CF4","specificationCell":0,"name":"foreground","dataBindingSourceCellIndexPath":""}],"dataBindingSourceCellScreenIndex":0,"dataBindings":[],"dataBindingTargetIndexPaths":[],"activeState":"012A7B46-A4DB-459B-9BFD-3E4F09BAA9A2","dataBindingTargetScreenIndexes":[],"definition":"A27F5494-F4CC-497E-9F71-0CB773010F34","specificationCell":0,"name":"Bootstrp button dropdown","dataBindingSourceCellIndexPath":""},{"eventHandlers":[{"className":"GDEventHandler","eventType":"GDMouseClickEventType","orderedActions":[{"className":"GDGotoScreenAction","screenIndex":0}]}],"styleProperties":{"012A7B46-A4DB-459B-9BFD-3E4F09BAA9A2":{"borderGradientFill":{"CTGradient":{"colorStops":[0.68,0.68,0.68,1,0,0.83,0.83,0.83,1,1],"count":2}},"cornerRadiusBottomLeft":0,"x":941,"backgroundColor":{"NSColorValue":"0.576471,0.682353,0.796079,1.000000"},"className":"GDProperties","y":0,"cornerRadiusTopLeft":0,"horizontalResizing":1,"cornerRadiusBottomRight":0,"cornerRadiusTopRight":0,"horizontalAlignment":1,"borderGradient":0},"6646F93E-ACD3-4747-8D9C-59ACA18B7426":{"borderGradientFill":{"CTGradient":{"colorStops":[0.68,0.68,0.68,1,0,0.83,0.83,0.83,1,1],"count":2}},"cornerRadiusBottomLeft":0,"x":73.75,"backgroundColor":{"NSColorValue":"0.576471,0.682353,0.796079,1.000000"},"className":"GDProperties","y":239.7305,"cornerRadiusTopLeft":0,"horizontalResizing":1,"cornerRadiusBottomRight":0,"cornerRadiusTopRight":0,"horizontalAlignment":1,"borderGradient":0},"0CA01FB5-4831-48FF-A6C4-040724DC47E2":{"borderGradientFill":{"CTGradient":{"colorStops":[0.68,0.68,0.68,1,0,0.83,0.83,0.83,1,1],"count":2}},"cornerRadiusBottomLeft":0,"x":73.75,"backgroundColor":{"NSColorValue":"0.576471,0.682353,0.796079,1.000000"},"className":"GDProperties","y":239.7305,"cornerRadiusTopLeft":0,"horizontalResizing":1,"cornerRadiusBottomRight":0,"cornerRadiusTopRight":0,"horizontalAlignment":1,"borderGradient":0}},"className":"GDWidgetInstanceRootCell","orderedComponents":[{"eventHandlers":[],"styleProperties":{"012A7B46-A4DB-459B-9BFD-3E4F09BAA9A2":{"className":"GDProperties","x":10},"6646F93E-ACD3-4747-8D9C-59ACA18B7426":{"className":"GDProperties","x":10},"0CA01FB5-4831-48FF-A6C4-040724DC47E2":{"className":"GDProperties","x":10}},"className":"GDWidgetInstanceCell","orderedComponents":[],"dataBindingSourceCellScreenIndex":0,"dataBindings":[],"dataBindingTargetIndexPaths":[],"dataBindingTargetScreenIndexes":[],"definition":"2D8EED0C-5B04-4C18-8A35-D6BAF06D8C82","specificationCell":0,"name":"gradient","dataBindingSourceCellIndexPath":""},{"eventHandlers":[],"styleProperties":{"012A7B46-A4DB-459B-9BFD-3E4F09BAA9A2":{"className":"GDProperties","x":0},"6646F93E-ACD3-4747-8D9C-59ACA18B7426":{"className":"GDProperties","x":0},"0CA01FB5-4831-48FF-A6C4-040724DC47E2":{"className":"GDProperties","x":0}},"className":"GDWidgetInstanceCell","orderedComponents":[{"eventHandlers":[],"styleProperties":{"012A7B46-A4DB-459B-9BFD-3E4F09BAA9A2":{"className":"GDProperties","textAttributedString":"Abmelden"},"6646F93E-ACD3-4747-8D9C-59ACA18B7426":{"className":"GDProperties","textAttributedString":"Abmelden"},"0CA01FB5-4831-48FF-A6C4-040724DC47E2":{"className":"GDProperties","textAttributedString":"Abmelden"}},"className":"GDWidgetInstanceCell","orderedComponents":[],"dataBindingSourceCellScreenIndex":0,"dataBindings":[],"dataBindingTargetIndexPaths":[],"dataBindingTargetScreenIndexes":[],"definition":"8118DFB1-2921-4702-924C-9D91ADDA287D","specificationCell":0,"name":"content","dataBindingSourceCellIndexPath":""}],"dataBindingSourceCellScreenIndex":0,"dataBindings":[],"dataBindingTargetIndexPaths":[],"dataBindingTargetScreenIndexes":[],"definition":"88AE0A21-5BA8-4B11-A245-9F563AA87CF4","specificationCell":0,"name":"foreground","dataBindingSourceCellIndexPath":""}],"dataBindingSourceCellScreenIndex":0,"dataBindings":[],"dataBindingTargetIndexPaths":[],"activeState":"012A7B46-A4DB-459B-9BFD-3E4F09BAA9A2","dataBindingTargetScreenIndexes":[],"definition":"A27F5494-F4CC-497E-9F71-0CB773010F34","specificationCell":0,"name":"Bootstrp button dropdown","dataBindingSourceCellIndexPath":""}],"dataBindingSourceCellScreenIndex":0,"dataBindings":[],"dataBindingTargetIndexPaths":[],"activeState":"x-coredata:\/\/8A119B17-AF00-4D70-8084-3C8BA8F4FC4C\/GDState\/p29","dataBindingTargetScreenIndexes":[],"definition":"x-coredata:\/\/8A119B17-AF00-4D70-8084-3C8BA8F4FC4C\/GDWidgetRootCellDefinition\/p18","specificationCell":0,"name":"Navigationsleiste","dataBindingSourceCellIndexPath":""},{"eventHandlers":[],"styleProperties":{"x-coredata:\/\/8A119B17-AF00-4D70-8084-3C8BA8F4FC4C\/GDState\/p29":{"x":590,"className":"GDProperties","width":100,"y":310,"horizontalResizing":1,"backgroundPainterType":1,"textFont":{"GDFont":{"isItalic":false,"fontName":"LucidaGrande","size":12,"css":"\"Lucida Grande\", \"LucidaGrande\"","isBold":false}},"minimumHeight":3,"textColor":{"NSColorValue":"0.991367,0.934878,0.287801,1.000000"},"height":101,"minimumWidth":3,"verticalResizing":2}},"className":"GDWidgetInstanceRootCell","orderedComponents":[{"eventHandlers":[],"styleProperties":{"2EDFB02D-14F4-47D7-AC8F-19A9A9D2077C":{"height":41,"x":0.3867188,"className":"GDProperties","y":240.8945,"textRichText":0,"textAttributedString":"<-<-<-Dies ist eine durchlaufende Nachricht<-<-<-\t<-<-<-Dies ist eine anderedurchlaufende Nachricht<-<-<-","textColor":{"NSColorValue":"1.000000,0.174594,0.030332,1.000000"}}},"className":"GDWidgetInstanceRootCell","orderedComponents":[],"dataBindingSourceCellScreenIndex":0,"dataBindings":[],"dataBindingTargetIndexPaths":[],"activeState":"2EDFB02D-14F4-47D7-AC8F-19A9A9D2077C","dataBindingTargetScreenIndexes":[],"definition":"D7B6E3CE-13CF-4A44-898C-8191CDAAA527","specificationCell":0,"name":"Rectangle","dataBindingSourceCellIndexPath":""}],"dataBindingSourceCellScreenIndex":0,"dataBindings":[],"dataBindingTargetIndexPaths":[],"activeState":"x-coredata:\/\/8A119B17-AF00-4D70-8084-3C8BA8F4FC4C\/GDState\/p29","dataBindingTargetScreenIndexes":[],"definition":"x-coredata:\/\/8A119B17-AF00-4D70-8084-3C8BA8F4FC4C\/GDWidgetRootCellDefinition\/p18","specificationCell":0,"name":"Nachrichten-Feed","dataBindingSourceCellIndexPath":""}],"dataBindingSourceCellScreenIndex":0,"dataBindings":[],"dataBindingTargetIndexPaths":[],"activeState":"x-coredata:\/\/8A119B17-AF00-4D70-8084-3C8BA8F4FC4C\/GDState\/p72","dataBindingTargetScreenIndexes":[],"definition":"x-coredata:\/\/8A119B17-AF00-4D70-8084-3C8BA8F4FC4C\/GDScreenDefinition\/p23","specificationCell":0,"name":"Startscreen - logged in","dataBindingSourceCellIndexPath":""}