<?xml version="1.0" encoding="utf-8" standalone="no"?>
<omniplan xmlns="http://www.omnigroup.com/namespace/OmniPlan/v2">
  <window x="0" y="58" w="1280" h="720">
    <editing-scenario>mNvgARY8n7-</editing-scenario>
    <view>task</view>
    <change-tracking/>
    <draw-folded/>
    <status-display>basic</status-display>
    <task-view>
      <split-view-divider-position>392</split-view-divider-position>
      <outline x="0" y="0" w="392" h="616">
        <column name="Violations" width="20"/>
        <column name="Notes" width="20"/>
        <column name="Title" width="483"/>
        <column name="Effort" width="101"/>
        <column name="Start" width="116"/>
        <column name="End" width="116"/>
        <expanded-items idrefs="t44 t16 t64 t90 t45 t65 t48 t37 t80 t57 t74 t88"/>
        <selected-items-at-filter-time idrefs="t80 t66 t73 t81 t67 t74 t68 t40 t82 t19 t83 t41 t90 t76 t69 t104 t42 t111 t91 t84 t77 t78 t85 t92 t50 t43 t105 t79 t44 t51 t86 t37 t93 t87 t45 t52 t106 t88 t60 t46 t53 t39 t54 t61 t47 t107 t97 t48 t55 t49 t56 t70 t108 t99 t57 t64 t71 t72 t65 t16"/>
      </outline>
      <gantt-view x="443" y="0" w="887" h="616">
        <view-mode>actual</view-mode>
        <dependency-lines/>
        <constraints/>
        <show-project-end/>
        <task-bar-label task-type="group" position="left">
          <key/>
        </task-bar-label>
        <task-bar-label task-type="group" position="center">
          <key/>
        </task-bar-label>
        <task-bar-label task-type="group" position="right">
          <key>Assigned</key>
        </task-bar-label>
        <task-bar-label task-type="milestone" position="left">
          <key/>
        </task-bar-label>
        <task-bar-label task-type="milestone" position="center">
          <key/>
        </task-bar-label>
        <task-bar-label task-type="milestone" position="right">
          <key>Assigned</key>
        </task-bar-label>
        <task-bar-label task-type="task" position="left">
          <key/>
        </task-bar-label>
        <task-bar-label task-type="task" position="center">
          <key/>
        </task-bar-label>
        <task-bar-label task-type="task" position="right">
          <key>Assigned</key>
        </task-bar-label>
        <scale scale-name="Automatic" full-day-width="88.0918"/>
        <scale scale-name="Day" full-day-width="289.199">
          <selected/>
        </scale>
        <scale scale-name="Hour" full-day-width="7616.14"/>
        <scale scale-name="Minute" full-day-width="64800"/>
        <scale scale-name="Month" full-day-width="34.5"/>
        <scale scale-name="Quarter" full-day-width="9.6"/>
        <scale scale-name="Week" full-day-width="162"/>
        <scale scale-name="Year" full-day-width="2.3625"/>
      </gantt-view>
    </task-view>
    <resource-view>
      <split-view-divider-position>306</split-view-divider-position>
      <outline x="0" y="0" w="306" h="616">
        <column name="IM" width="20"/>
        <column name="Notes" width="20"/>
        <column name="Type" width="49"/>
        <column name="Resource" width="135"/>
        <column name="#" width="75"/>
        <selected-items-at-filter-time idrefs="r4 r3 r2 r5"/>
      </outline>
      <timeline x="595" y="0" w="945" h="616">
        <show-project-end/>
        <task-bar-label task-type="group" position="left">
          <key>Title</key>
        </task-bar-label>
        <task-bar-label task-type="group" position="center">
          <key/>
        </task-bar-label>
        <task-bar-label task-type="group" position="right">
          <key/>
        </task-bar-label>
        <task-bar-label task-type="milestone" position="left">
          <key>Title</key>
        </task-bar-label>
        <task-bar-label task-type="milestone" position="center">
          <key/>
        </task-bar-label>
        <task-bar-label task-type="milestone" position="right">
          <key>Assigned</key>
        </task-bar-label>
        <task-bar-label task-type="task" position="left">
          <key>Title</key>
        </task-bar-label>
        <task-bar-label task-type="task" position="center">
          <key/>
        </task-bar-label>
        <task-bar-label task-type="task" position="right">
          <key/>
        </task-bar-label>
        <scale scale-name="Automatic" full-day-width="300">
          <selected/>
        </scale>
        <scale scale-name="Day" full-day-width="1215"/>
        <scale scale-name="Hour" full-day-width="65880"/>
        <scale scale-name="Minute" full-day-width="64800"/>
        <scale scale-name="Month" full-day-width="34.5"/>
        <scale scale-name="Quarter" full-day-width="9.6"/>
        <scale scale-name="Week" full-day-width="162"/>
        <scale scale-name="Year" full-day-width="2.3625"/>
      </timeline>
    </resource-view>
    <calendar>
      <split-view-divider-position>290</split-view-divider-position>
      <outline x="0" y="0" w="290" h="910">
        <column name="IM" width="20"/>
        <column name="Notes" width="20"/>
        <column name="Type" width="49"/>
        <column name="Resource" width="139"/>
        <column name="Custom Work Week" width="20"/>
        <column name="Schedule Exception" width="20"/>
      </outline>
    </calendar>
  </window>
  <project>
    <title>Anforderungsspezifikation</title>
    <next-task-id>801</next-task-id>
    <next-resource-id>8</next-resource-id>
    <scenario id="mNvgARY8n7-" name="Actual" filename="Actual.xml"/>
    <date-display dates="true" times="true" seconds="false"/>
    <numbering-style>wbs</numbering-style>
    <auto-level/>
    <critical-path-slack>0</critical-path-slack>
    <currency-format>1.234,56 €</currency-format>
    <duration-format hours-per-day="8" hours-per-week="40" hours-per-month="160" hours-per-year="1920" hours="true" days="true" weeks="true"/>
    <effort-format hours-per-day="8" hours-per-week="40" hours-per-month="160" hours-per-year="1920" hours="true" days="true" weeks="true"/>
    <base-style>
      <style/>
    </base-style>
    <column-title-style>
      <style>
        <value key="font-weight">9</value>
        <value key="paragraph-alignment">center</value>
      </style>
    </column-title-style>
    <note-style>
      <style>
        <value key="font-family">Helvetica</value>
        <value key="font-fill">
          <color w="0.334677"/>
        </value>
        <value key="font-size">11</value>
      </style>
    </note-style>
    <standard-task-style>
      <style/>
    </standard-task-style>
    <overdue-task-style>
      <style/>
    </overdue-task-style>
    <completed-task-style>
      <style/>
    </completed-task-style>
    <group-task-style>
      <style>
        <value key="font-weight">9</value>
      </style>
    </group-task-style>
    <milestone-task-style>
      <style/>
    </milestone-task-style>
    <resource-style>
      <style/>
    </resource-style>
    <not-editable-style>
      <style>
        <value key="font-fill">
          <color w="0.334677"/>
        </value>
      </style>
    </not-editable-style>
    <subscribe-refresh>0</subscribe-refresh>
    <leveling>
      <constrains-completion-date/>
    </leveling>
    <page-adornment>
      <master-page-headers>
        <header location="left">
          <text>
            <p>
              <run>
                <lit><cell variable="OPDocumentTitleVariableIdentifier"/></lit>
              </run>
            </p>
          </text>
        </header>
        <header location="right">
          <text>
            <p>
              <run>
                <lit><cell variable="OPPrintJobTimestampVariableIdentifier"/></lit>
              </run>
            </p>
          </text>
        </header>
        <footer location="left">
          <text>
            <p>
              <run>
                <lit><cell variable="OPDocumentFilenameVariableIdentifier"/></lit>
              </run>
            </p>
          </text>
        </footer>
        <footer location="right">
          <text>
            <p>
              <run>
                <lit><cell variable="OPPageNumberVariableIdentifier"/></lit>
              </run>
            </p>
          </text>
        </footer>
      </master-page-headers>
    </page-adornment>
  </project>
</omniplan>
